"","cellname","col","row","plate","numERCC","totread","numENSMUS","numToxo","type","strain","time","genotype","isPTG","amountmouse","amounttoxo"
"131_A10","131_A10",10,"A","131",350,197687,187181,10156,"Tg3h","LDM",3,"LDM",0,415187.941485168,22527.1193856394
"131_A11","131_A11",11,"A","131",262,253362,233232,19868,"Tg3h","LDM",3,"LDM",0,788820.268247678,67196.1012620261
"131_A13","131_A13",13,"A","131",227,179248,139646,39375,"Tg12h","LDM",12,"LDM",0,1051059.97354141,296359.984949035
"131_A14","131_A14",14,"A","131",335,161825,139955,21535,"Tg12h","LDM",12,"LDM",0,254265.512297577,39124.0599287508
"131_A15","131_A15",15,"A","131",117,125313,122772,2424,"Tg12h","LDM",12,"LDM",0,323419.627308115,6385.56980903521
"131_A17","131_A17",17,"A","131",153,222818,185788,36877,"Tg12h","LDM",12,"LDM",0,543803.742061347,107939.428789783
"131_A18","131_A18",18,"A","131",258,274124,185703,88163,"Tg12h","LDM",12,"LDM",0,398573.421275857,189223.806507937
"131_A1","131_A1",1,"A","131",234,109987,109672,81,"ctrl","ctrl",0,"LDM",0,1702851.48294928,1257.66804762284
"131_A22","131_A22",22,"A","131",147,155355,155009,199,"TgLys3hToxo","ignore",-3,"LDM",0,2041709.55142067,2621.13942243813
"131_A2","131_A2",2,"A","131",660,109269,108235,374,"ctrl","ctrl",0,"LDM",0,68593.4498032037,237.020836387473
"131_A3","131_A3",3,"A","131",533,169050,168370,147,"ctrl","ctrl",0,"LDM",0,492821.043613522,430.270792963044
"131_A4","131_A4",4,"A","131",183,228402,228074,145,"ctrl","ctrl",0,"LDM",0,858311.202631953,545.678702445843
"131_A5","131_A5",5,"A","131",508,170230,169606,116,"ctrl","ctrl",0,"LDM",0,478805.941380738,327.473610604375
"131_A6","131_A6",6,"A","131",182,143092,142741,169,"ctrl","ctrl",0,"LDM",0,177304.488677265,209.921876590873
"131_A8","131_A8",8,"A","131",131,163243,146737,16375,"Tg3h","LDM",3,"LDM",0,773101.779759406,86273.6845073858
"131_A9","131_A9",9,"A","131",77,124213,80244,43892,"Tg3h","LDM",3,"LDM",0,568494.000536109,310955.818148782
"131_B10","131_B10",10,"B","131",316,191350,171312,19722,"Tg3h","LDM",3,"LDM",0,475041.139102588,54688.295889262
"131_B11","131_B11",11,"B","131",1112,181810,147483,33215,"Tg3h","LDM",3,"LDM",0,46261.2935946025,10418.6168354639
"131_B12","131_B12",12,"B","131",334,245007,228049,16624,"Tg3h","LDM",3,"LDM",0,286072.373365683,20853.7074700223
"131_B14","131_B14",14,"B","131",175,225748,184657,40916,"Tg12h","LDM",12,"LDM",0,442221.783763507,97986.7890438361
"131_B16","131_B16",16,"B","131",441,210076,144833,64802,"Tg12h","LDM",12,"LDM",0,321255.443282819,143737.927375758
"131_B17","131_B17",17,"B","131",404,241213,218636,22173,"Tg12h","LDM",12,"LDM",0,339471.001555638,34427.4982962236
"131_B19","131_B19",19,"B","131",333,233957,233406,218,"TgLys3hToxo","ignore",-3,"LDM",0,491891.19037877,459.423834445438
"131_B1","131_B1",1,"B","131",488,148344,147270,586,"ctrl","ctrl",0,"LDM",0,80823.9536730452,321.605465148397
"131_B20","131_B20",20,"B","131",415,236243,234706,1122,"TgLys3hToxo","ignore",-3,"LDM",0,475606.60941845,2273.61301273721
"131_B21","131_B21",21,"B","131",295,155242,154806,141,"TgLys3hToxo","ignore",-3,"LDM",0,479773.111947925,436.985703297401
"131_B22","131_B22",22,"B","131",265,195159,194635,259,"TgLys3hToxo","ignore",-3,"LDM",0,464931.092970695,618.681907567549
"131_B23","131_B23",23,"B","131",573,112537,111784,180,"TgLys3hToxo","ignore",-3,"LDM",0,495898.289366741,798.519395316087
"131_B3","131_B3",3,"B","131",563,216881,215914,404,"ctrl","ctrl",0,"LDM",0,84893.2269191191,158.845020125254
"131_B4","131_B4",4,"B","131",601,231816,230986,229,"ctrl","ctrl",0,"LDM",0,326042.325082164,323.239038053456
"131_B5","131_B5",5,"B","131",2108,137263,133997,1158,"ctrl","ctrl",0,"LDM",0,36019.3640845496,311.278786912456
"131_B6","131_B6",6,"B","131",285,199860,199415,160,"ctrl","ctrl",0,"LDM",0,387033.75573566,310.5353204007
"131_B7","131_B7",7,"B","131",209,202851,178298,24344,"Tg3h","LDM",3,"LDM",0,391410.315529208,53441.3886933282
"131_B8","131_B8",8,"B","131",577,118976,100399,18000,"Tg3h","LDM",3,"LDM",0,39474.9534048401,7077.25337191726
"131_B9","131_B9",9,"B","131",298,199556,156176,43082,"Tg3h","LDM",3,"LDM",0,283735.27668598,78269.9210517967
"131_C10","131_C10",10,"C","131",499,288714,250703,37512,"Tg3h","LDM",3,"LDM",0,519014.242869445,77658.6729258071
"131_C11","131_C11",11,"C","131",1207,237447,186525,49715,"Tg3h","LDM",3,"LDM",0,99265.6272819193,26457.5293409496
"131_C12","131_C12",12,"C","131",500,317966,280632,36834,"Tg3h","LDM",3,"LDM",0,591417.566550881,77625.7684310241
"131_C13","131_C13",13,"C","131",416,272579,192480,79683,"Tg12h","LDM",12,"LDM",0,633815.221144337,262387.252007711
"131_C14","131_C14",14,"C","131",228,271803,193858,77717,"Tg12h","LDM",12,"LDM",0,928513.195349496,372237.720408633
"131_C15","131_C15",15,"C","131",191,210684,193555,16938,"Tg12h","LDM",12,"LDM",0,171730.46840045,15028.1350198488
"131_C16","131_C16",16,"C","131",449,276864,223419,52996,"Tg12h","LDM",12,"LDM",0,273746.569415312,64933.9276996757
"131_C17","131_C17",17,"C","131",238,322217,267820,54159,"Tg12h","LDM",12,"LDM",0,743627.252073119,150377.523504697
"131_C18","131_C18",18,"C","131",165,223707,140051,83491,"Tg12h","LDM",12,"LDM",0,670796.157609654,399893.19601422
"131_C1","131_C1",1,"C","131",416,248758,248079,263,"ctrl","ctrl",0,"LDM",0,261406.893177499,277.129514814564
"131_C20","131_C20",20,"C","131",426,295365,293716,1223,"TgLys3hToxo","ignore",-3,"LDM",0,364836.768667248,1519.13878740023
"131_C22","131_C22",22,"C","131",731,104649,101407,2511,"TgLys3hToxo","ignore",-3,"LDM",0,52898.5293618954,1309.8524483292
"131_C3","131_C3",3,"C","131",481,240453,239773,199,"ctrl","ctrl",0,"LDM",0,1137740.59093193,944.269695067641
"131_C4","131_C4",4,"C","131",614,288318,287223,481,"ctrl","ctrl",0,"LDM",0,154415.2452735,258.592567365961
"131_C5","131_C5",5,"C","131",279,315407,314921,207,"ctrl","ctrl",0,"LDM",0,592571.319492921,389.501694504446
"131_C6","131_C6",6,"C","131",296,283561,282986,279,"ctrl","ctrl",0,"LDM",0,252702.754653974,249.143309380884
"131_C7","131_C7",7,"C","131",188,240583,215438,24957,"Tg3h","LDM",3,"LDM",0,955730.119378373,110714.714160575
"131_C8","131_C8",8,"C","131",308,280104,221742,58054,"Tg3h","LDM",3,"LDM",0,675412.742682859,176828.978559365
"131_C9","131_C9",9,"C","131",285,291414,262104,29025,"Tg3h","LDM",3,"LDM",0,321145.788093362,35563.1981938842
"131_D11","131_D11",11,"D","131",477,266286,215989,49820,"Tg3h","LDM",3,"LDM",0,372623.407322372,85949.2759020161
"131_D12","131_D12",12,"D","131",1832,131630,41181,88617,"Tg3h","LDM",3,"LDM",0,1084835.60357211,2334447.35877588
"131_D13","131_D13",13,"D","131",364,283310,266235,16711,"Tg12h","LDM",12,"LDM",0,516721.068918003,32433.4733701006
"131_D14","131_D14",14,"D","131",763,235568,124161,110644,"Tg12h","LDM",12,"LDM",0,31864.7734845218,28395.7603226571
"131_D15","131_D15",15,"D","131",1456,106695,79479,25760,"Tg12h","LDM",12,"LDM",0,50451.1812450107,16351.7712712978
"131_D16","131_D16",16,"D","131",384,273863,211832,61647,"Tg12h","LDM",12,"LDM",0,173108.731555582,50377.818149321
"131_D17","131_D17",17,"D","131",447,334603,304587,29569,"Tg12h","LDM",12,"LDM",0,189170.043269776,18364.4377778566
"131_D18","131_D18",18,"D","131",359,167155,102072,64724,"Tg12h","LDM",12,"LDM",0,52828.2687065671,33498.4801293582
"131_D20","131_D20",20,"D","131",329,211618,210109,1180,"TgLys3hToxo","ignore",-3,"LDM",0,335449.96674832,1883.93148681407
"131_D21","131_D21",21,"D","131",340,137409,136972,97,"TgLys3hToxo","ignore",-3,"LDM",0,656048.805792957,464.596663273639
"131_D22","131_D22",22,"D","131",128,145929,145327,474,"TgLys3hToxo","ignore",-3,"LDM",0,478545.639252094,1560.82925406492
"131_D2","131_D2",2,"D","131",599,177068,176321,148,"ctrl","ctrl",0,"LDM",0,464484.345832879,389.878024644064
"131_D3","131_D3",3,"D","131",634,209253,208425,194,"ctrl","ctrl",0,"LDM",0,431488.827696773,401.625681051572
"131_D4","131_D4",4,"D","131",710,170125,168592,823,"ctrl","ctrl",0,"LDM",0,55695.5007840371,271.883583712528
"131_D5","131_D5",5,"D","131",407,220550,219712,431,"ctrl","ctrl",0,"LDM",0,103376.267145271,202.788974382882
"131_D7","131_D7",7,"D","131",195,239016,205052,33769,"Tg3h","LDM",3,"LDM",0,675213.418152995,111197.5592416
"131_D8","131_D8",8,"D","131",238,215564,186203,29123,"Tg3h","LDM",3,"LDM",0,86302.400394883,13498.0897552681
"131_D9","131_D9",9,"D","131",457,276425,196879,79089,"Tg3h","LDM",3,"LDM",0,740915.015578173,297635.74412234
"131_E10","131_E10",10,"E","131",363,279652,261354,17935,"Tg3h","LDM",3,"LDM",0,237738.62655589,16314.4327895494
"131_E11","131_E11",11,"E","131",376,300170,260475,39319,"Tg3h","LDM",3,"LDM",0,337027.864922385,50874.7427618131
"131_E12","131_E12",12,"E","131",361,336416,303823,32232,"Tg3h","LDM",3,"LDM",0,452153.971844569,47968.1486276356
"131_E13","131_E13",13,"E","131",215,203685,120858,82612,"Tg12h","LDM",12,"LDM",0,178717.513109466,122161.637566394
"131_E14","131_E14",14,"E","131",345,146813,108329,38139,"Tg12h","LDM",12,"LDM",0,64128.6008680031,22577.5250256604
"131_E15","131_E15",15,"E","131",618,216114,170927,44569,"Tg12h","LDM",12,"LDM",0,71728.2036623385,18703.0387769443
"131_E16","131_E16",16,"E","131",509,263538,86550,176479,"Tg12h","LDM",12,"LDM",0,94999.839619774,193708.569569707
"131_E17","131_E17",17,"E","131",2817,135908,126474,6617,"Tg12h","LDM",12,"LDM",0,32504.5703947484,1700.60836458126
"131_E18","131_E18",18,"E","131",1346,111322,63217,46759,"Tg12h","LDM",12,"LDM",0,46740.7413089787,34572.1929681342
"131_E19","131_E19",19,"E","131",308,241671,241092,271,"TgLys3hToxo","ignore",-3,"LDM",0,635111.30214518,713.898274855009
"131_E20","131_E20",20,"E","131",410,276825,275452,963,"TgLys3hToxo","ignore",-3,"LDM",0,468145.953113586,1636.67191687983
"131_E24","131_E24",24,"E","131",356,249457,248020,1081,"TgLys3hToxo","ignore",-3,"LDM",0,167528.668870791,730.17696576617
"131_E4","131_E4",4,"E","131",353,238895,238430,112,"ctrl","ctrl",0,"LDM",0,661156.596130044,310.571399431971
"131_E5","131_E5",5,"E","131",240,283679,283252,187,"ctrl","ctrl",0,"LDM",0,573979.886883994,378.935502122869
"131_E6","131_E6",6,"E","131",1668,165453,163065,720,"ctrl","ctrl",0,"LDM",0,45456.4994198372,200.709407796172
"131_E7","131_E7",7,"E","131",346,237954,212392,25216,"Tg3h","LDM",3,"LDM",0,347132.725108134,41212.9402064424
"131_E8","131_E8",8,"E","131",306,292257,205878,86073,"Tg3h","LDM",3,"LDM",0,319661.953467277,133643.533164247
"131_E9","131_E9",9,"E","131",452,297902,243647,53803,"Tg3h","LDM",3,"LDM",0,420338.884498164,92820.7324639938
"131_F10","131_F10",10,"F","131",312,237159,215551,21296,"Tg3h","LDM",3,"LDM",0,334680.994238457,33065.8009162666
"131_F11","131_F11",11,"F","131",1401,144585,125089,18095,"Tg3h","LDM",3,"LDM",0,30511.4190594978,4413.69047543439
"131_F12","131_F12",12,"F","131",388,281867,188594,92885,"Tg3h","LDM",3,"LDM",0,248407.622228793,122343.987564405
"131_F13","131_F13",13,"F","131",189,278116,213077,64850,"Tg12h","LDM",12,"LDM",0,275699.726937583,83909.2313666059
"131_F14","131_F14",14,"F","131",1105,120082,95066,23911,"Tg12h","LDM",12,"LDM",0,37944.4556621751,9543.7893604261
"131_F15","131_F15",15,"F","131",219,283721,217414,66088,"Tg12h","LDM",12,"LDM",0,260334.584920039,79134.7017588357
"131_F16","131_F16",16,"F","131",427,221164,201676,19061,"Tg12h","LDM",12,"LDM",0,67250.2912231579,6356.02551123888
"131_F17","131_F17",17,"F","131",729,219508,190760,28019,"Tg12h","LDM",12,"LDM",0,46643.8722201871,6851.09381284033
"131_F18","131_F18",18,"F","131",332,185681,156968,28381,"Tg12h","LDM",12,"LDM",0,275668.350325808,49842.9198983026
"131_F19","131_F19",19,"F","131",3854,117447,113295,298,"TgLys3hToxo","ignore",-3,"LDM",0,542644.113047288,1427.31758407778
"131_F20","131_F20",20,"F","131",461,235089,233243,1385,"TgLys3hToxo","ignore",-3,"LDM",0,409623.063522772,2432.34713572986
"131_F22","131_F22",22,"F","131",183,257099,256550,366,"TgLys3hToxo","ignore",-3,"LDM",0,844790.601540833,1205.19727212608
"131_F23","131_F23",23,"F","131",452,251350,249743,1155,"TgLys3hToxo","ignore",-3,"LDM",0,149631.625856052,692.009497218098
"131_F24","131_F24",24,"F","131",971,226746,225396,379,"TgLys3hToxo","ignore",-3,"LDM",0,212101.269930413,356.645110399592
"131_F3","131_F3",3,"F","131",195,264647,263990,462,"ctrl","ctrl",0,"LDM",0,114005.205721961,199.516667462957
"131_F4","131_F4",4,"F","131",443,254503,253738,322,"ctrl","ctrl",0,"LDM",0,161066.216569742,204.397140891222
"131_F6","131_F6",6,"F","131",385,172363,171707,271,"ctrl","ctrl",0,"LDM",0,156826.730176597,247.514917142911
"131_F7","131_F7",7,"F","131",845,192148,167131,24172,"Tg3h","LDM",3,"LDM",0,52725.6549341869,7625.66209182716
"131_F8","131_F8",8,"F","131",631,160095,133876,25588,"Tg3h","LDM",3,"LDM",0,48909.6782987813,9348.20915107426
"131_F9","131_F9",9,"F","131",571,271171,217502,53098,"Tg3h","LDM",3,"LDM",0,520879.914718263,127160.585703627
"131_G10","131_G10",10,"G","131",331,197907,185633,11943,"Tg3h","LDM",3,"LDM",0,83544.352365135,5374.96135006603
"131_G11","131_G11",11,"G","131",288,264536,232587,31661,"Tg3h","LDM",3,"LDM",0,601887.321383647,81932.1564933881
"131_G12","131_G12",12,"G","131",210,290892,210803,79879,"Tg3h","LDM",3,"LDM",0,740427.542603988,280568.168743632
"131_G13","131_G13",13,"G","131",268,279190,198314,80608,"Tg12h","LDM",12,"LDM",0,189971.18078443,77216.9233673433
"131_G14","131_G14",14,"G","131",185,314213,294541,19487,"Tg12h","LDM",12,"LDM",0,527923.66050349,34927.7294917567
"131_G15","131_G15",15,"G","131",163,319144,227930,91051,"Tg12h","LDM",12,"LDM",0,643457.414353924,257041.376889129
"131_G16","131_G16",16,"G","131",1385,222450,183708,37357,"Tg12h","LDM",12,"LDM",0,32262.9334014918,6560.6636786614
"131_G17","131_G17",17,"G","131",138,299453,255069,44246,"Tg12h","LDM",12,"LDM",0,584287.884065433,101354.542176271
"131_G18","131_G18",18,"G","131",182,204223,142980,61061,"Tg12h","LDM",12,"LDM",0,193155.786429689,82489.0577366292
"131_G1","131_G1",1,"G","131",500,385760,384758,502,"ctrl","ctrl",0,"LDM",0,248918.64334736,324.768189252399
"131_G20","131_G20",20,"G","131",369,339189,337924,896,"TgLys3hToxo","ignore",-3,"LDM",0,494553.834834162,1311.30146426832
"131_G21","131_G21",21,"G","131",2262,116763,106208,8293,"TgLys3hToxo","ignore",-3,"LDM",0,192955.103641178,15066.4420241064
"131_G22","131_G22",22,"G","131",216,217820,217171,433,"TgLys3hToxo","ignore",-3,"LDM",0,336527.028974467,670.974501871541
"131_G24","131_G24",24,"G","131",635,306928,305417,876,"TgLys3hToxo","ignore",-3,"LDM",0,203686.925509265,584.216814211769
"131_G2","131_G2",2,"G","131",530,268948,268113,305,"ctrl","ctrl",0,"LDM",0,225023.125293495,255.981818168145
"131_G5","131_G5",5,"G","131",412,274346,273746,188,"ctrl","ctrl",0,"LDM",0,412075.481599282,283.000264992603
"131_G6","131_G6",6,"G","131",191,140388,140106,91,"ctrl","ctrl",0,"LDM",0,543848.270000756,353.233926955797
"131_G8","131_G8",8,"G","131",482,231784,196253,35049,"Tg3h","LDM",3,"LDM",0,356545.815333045,63675.8382374175
"131_G9","131_G9",9,"G","131",355,324518,275341,48822,"Tg3h","LDM",3,"LDM",0,950034.507271658,168455.060140033
"131_H10","131_H10",10,"H","131",369,268253,225036,42848,"Tg3h","LDM",3,"LDM",0,367798.033482589,70030.6179396274
"131_H11","131_H11",11,"H","131",397,154030,125051,28582,"Tg3h","LDM",3,"LDM",0,82622.8773434638,18884.5117610485
"131_H12","131_H12",12,"H","131",452,333938,289490,43996,"Tg3h","LDM",3,"LDM",0,435775.248471854,66228.0832905029
"131_H13","131_H13",13,"H","131",1206,250787,166608,82973,"Tg12h","LDM",12,"LDM",0,55910.4819503342,27844.1636587984
"131_H14","131_H14",14,"H","131",275,351615,334758,16582,"Tg12h","LDM",12,"LDM",0,547127.277824724,27101.5614888653
"131_H15","131_H15",15,"H","131",1782,144874,106756,36336,"Tg12h","LDM",12,"LDM",0,25682.9682826741,8741.58207050889
"131_H16","131_H16",16,"H","131",315,390059,373059,16685,"Tg12h","LDM",12,"LDM",0,727965.495473923,32558.1323382693
"131_H17","131_H17",17,"H","131",393,308694,220567,87734,"Tg12h","LDM",12,"LDM",0,236185.669016625,93946.5717242588
"131_H18","131_H18",18,"H","131",337,276872,243875,32660,"Tg12h","LDM",12,"LDM",0,428295.05973005,57357.731012951
"131_H19","131_H19",19,"H","131",571,326825,325814,440,"TgLys3hToxo","ignore",-3,"LDM",0,778282.729854106,1051.04262289468
"131_H1","131_H1",1,"H","131",508,327678,326831,339,"ctrl","ctrl",0,"LDM",0,232695.808386494,241.359843598133
"131_H20","131_H20",20,"H","131",617,322113,320938,558,"TgLys3hToxo","ignore",-3,"LDM",0,314430.176080811,546.685148698792
"131_H21","131_H21",21,"H","131",3526,115214,108958,2730,"TgLys3hToxo","ignore",-3,"LDM",0,61726.7216058819,1546.59547701002
"131_H3","131_H3",3,"H","131",420,325698,324451,827,"ctrl","ctrl",0,"LDM",0,67395.913044163,171.786864850233
"131_H5","131_H5",5,"H","131",483,346078,345366,229,"ctrl","ctrl",0,"LDM",0,471998.884977298,312.965794721546
"131_H6","131_H6",6,"H","131",417,322620,321914,289,"ctrl","ctrl",0,"LDM",0,277682.408698531,249.290854432784
"131_H8","131_H8",8,"H","131",847,197261,180320,16094,"Tg3h","LDM",3,"LDM",0,56561.3423986407,5048.23782477664
"131_H9","131_H9",9,"H","131",379,323922,286472,37071,"Tg3h","LDM",3,"LDM",0,325123.295759887,42072.6831840975
"131_I10","131_I10",10,"I","131",509,179322,144055,34758,"Tg3h","LDM",3,"LDM",0,46117.6964745597,11127.4089345232
"131_I11","131_I11",11,"I","131",435,223654,204978,18241,"Tg3h","LDM",3,"LDM",0,335015.310026815,29813.0251548904
"131_I12","131_I12",12,"I","131",639,230567,204889,25039,"Tg3h","LDM",3,"LDM",0,100992.494065999,12342.0537897034
"131_I14","131_I14",14,"I","131",563,287563,266576,20424,"Tg12h","LDM",12,"LDM",0,561795.26647306,43042.5339207047
"131_I15","131_I15",15,"I","131",478,270457,232140,37839,"Tg12h","LDM",12,"LDM",0,531764.304587973,86677.9939747752
"131_I16","131_I16",16,"I","131",885,177565,148900,27780,"Tg12h","LDM",12,"LDM",0,44036.8659120612,8215.87733402996
"131_I17","131_I17",17,"I","131",1120,186667,140078,45469,"Tg12h","LDM",12,"LDM",0,40328.8538887101,13090.6541888502
"131_I18","131_I18",18,"I","131",172,232406,195082,37152,"Tg12h","LDM",12,"LDM",0,757248.142180118,144212.602794085
"131_I23","131_I23",23,"I","131",249,288929,288014,666,"TgLys3hToxo","ignore",-3,"LDM",0,638846.569784909,1477.26088133476
"131_I24","131_I24",24,"I","131",758,264091,263121,212,"TgLys3hToxo","ignore",-3,"LDM",0,533186.56820359,429.595328609883
"131_I3","131_I3",3,"I","131",2216,130173,127618,339,"ctrl","ctrl",0,"LDM",0,186769.721280128,496.128567396163
"131_I4","131_I4",4,"I","131",496,336818,335969,353,"ctrl","ctrl",0,"LDM",0,359759.45193001,377.996441729128
"131_I5","131_I5",5,"I","131",636,265045,264032,377,"ctrl","ctrl",0,"LDM",0,178241.873295734,254.503947371878
"131_I6","131_I6",6,"I","131",505,296988,296065,418,"ctrl","ctrl",0,"LDM",0,154441.045445872,218.047918519158
"131_I7","131_I7",7,"I","131",1225,194543,60161,133157,"Tg3h","LDM",3,"LDM",0,452807.950590956,1002219.84802181
"131_I8","131_I8",8,"I","131",481,247780,230192,17107,"Tg3h","LDM",3,"LDM",0,247509.107139731,18393.9419955488
"131_I9","131_I9",9,"I","131",231,281032,250685,30116,"Tg3h","LDM",3,"LDM",0,598819.590728073,71939.090070673
"131_J10","131_J10",10,"J","131",314,290531,255342,34875,"Tg3h","LDM",3,"LDM",0,640619.270068627,87496.7574611437
"131_J13","131_J13",13,"J","131",257,304007,261151,42599,"Tg12h","LDM",12,"LDM",0,450536.719210907,73491.6339652746
"131_J14","131_J14",14,"J","131",387,281604,189832,91385,"Tg12h","LDM",12,"LDM",0,267952.458828662,128992.1375219
"131_J15","131_J15",15,"J","131",212,283358,249849,33297,"Tg12h","LDM",12,"LDM",0,1217348.36757565,162234.183827698
"131_J16","131_J16",16,"J","131",785,269867,246177,22905,"Tg12h","LDM",12,"LDM",0,43090.1510607892,4009.22876648662
"131_J17","131_J17",17,"J","131",1441,115765,88322,26002,"Tg12h","LDM",12,"LDM",0,25289.9580586171,7445.36456873895
"131_J18","131_J18",18,"J","131",172,258558,217240,41146,"Tg12h","LDM",12,"LDM",0,421629.331274051,79858.0393325451
"131_J1","131_J1",1,"J","131",670,298612,297491,451,"ctrl","ctrl",0,"LDM",0,188533.597961887,285.819243879012
"131_J20","131_J20",20,"J","131",358,296560,295618,584,"TgLys3hToxo","ignore",-3,"LDM",0,223902.025234669,442.323480765876
"131_J21","131_J21",21,"J","131",3506,176814,172653,655,"TgLys3hToxo","ignore",-3,"LDM",0,134037.136682855,508.501587156147
"131_J23","131_J23",23,"J","131",1614,112511,106916,3981,"TgLys3hToxo","ignore",-3,"LDM",0,137390.240220319,5115.70341499017
"131_J24","131_J24",24,"J","131",289,215112,214528,295,"TgLys3hToxo","ignore",-3,"LDM",0,282566.732671763,388.560869155402
"131_J4","131_J4",4,"J","131",322,332512,331946,244,"ctrl","ctrl",0,"LDM",0,416404.281751926,306.081846889162
"131_J6","131_J6",6,"J","131",409,275946,275351,186,"ctrl","ctrl",0,"LDM",0,476081.987696202,321.594073424442
"131_J7","131_J7",7,"J","131",772,179931,108789,70370,"Tg3h","LDM",3,"LDM",0,71646.0142280458,46344.1158685858
"131_J8","131_J8",8,"J","131",228,291252,211121,79903,"Tg3h","LDM",3,"LDM",0,655605.273783162,248127.037059771
"131_J9","131_J9",9,"J","131",624,216784,189418,26742,"Tg3h","LDM",3,"LDM",0,39290.2296616457,5546.98772878887
"131_K10","131_K10",10,"K","131",532,286660,266583,19545,"Tg3h","LDM",3,"LDM",0,319210.237849166,23403.4582053693
"131_K11","131_K11",11,"K","131",907,244601,228071,15623,"Tg3h","LDM",3,"LDM",0,478997.987552717,32811.6488266202
"131_K13","131_K13",13,"K","131",3828,109373,97871,7674,"Tg12h","LDM",12,"LDM",0,51564.5299323502,4043.14048799804
"131_K14","131_K14",14,"K","131",408,328820,301218,27194,"Tg12h","LDM",12,"LDM",0,935388.281404581,84446.9750297664
"131_K15","131_K15",15,"K","131",823,170222,152826,16573,"Tg12h","LDM",12,"LDM",0,57513.0299172334,6236.91940388617
"131_K16","131_K16",16,"K","131",1276,221478,157036,63166,"Tg12h","LDM",12,"LDM",0,54792.3871622971,22039.6337622816
"131_K18","131_K18",18,"K","131",1038,155394,124388,29968,"Tg12h","LDM",12,"LDM",0,34492.2814576286,8310.00330194403
"131_K19","131_K19",19,"K","131",493,320586,319766,327,"TgLys3hToxo","ignore",-3,"LDM",0,467979.491097349,478.566494213998
"131_K1","131_K1",1,"K","131",1555,100233,98173,505,"ctrl","ctrl",0,"LDM",0,179330.494174694,922.47256942561
"131_K20","131_K20",20,"K","131",637,211419,210485,297,"TgLys3hToxo","ignore",-3,"LDM",0,408518.918215884,576.4311884938
"131_K21","131_K21",21,"K","131",512,266381,265109,760,"TgLys3hToxo","ignore",-3,"LDM",0,133024.675978588,381.347874812727
"131_K24","131_K24",24,"K","131",1676,128935,126024,1235,"TgLys3hToxo","ignore",-3,"LDM",0,214184.778455726,2098.9510045136
"131_K4","131_K4",4,"K","131",603,316509,315682,224,"ctrl","ctrl",0,"LDM",0,326768.03671578,231.866372565856
"131_K5","131_K5",5,"K","131",1446,226374,224485,443,"ctrl","ctrl",0,"LDM",0,139144.305822294,274.588179518792
"131_K6","131_K6",6,"K","131",752,230779,229803,224,"ctrl","ctrl",0,"LDM",0,281568.635126587,274.458446009649
"131_K7","131_K7",7,"K","131",701,214003,160081,53221,"Tg3h","LDM",3,"LDM",0,310692.528906653,103293.751794035
"131_K8","131_K8",8,"K","131",302,167779,160522,6955,"Tg3h","LDM",3,"LDM",0,360339.952877908,15612.5912477159
"131_K9","131_K9",9,"K","131",317,159838,113623,45898,"Tg3h","LDM",3,"LDM",0,294032.95591574,118774.584464595
"131_L11","131_L11",11,"L","131",926,120934,105315,14693,"Tg3h","LDM",3,"LDM",0,81597.7825226343,11384.0974087743
"131_L12","131_L12",12,"L","131",387,230999,221941,8671,"Tg3h","LDM",3,"LDM",0,148015.598131249,5782.81278085645
"131_L13","131_L13",13,"L","131",490,228633,216797,11346,"Tg12h","LDM",12,"LDM",0,671894.961118912,35163.4027632079
"131_L15","131_L15",15,"L","131",309,134102,116934,16859,"Tg12h","LDM",12,"LDM",0,166508.38909324,24006.4047387665
"131_L16","131_L16",16,"L","131",293,212389,160435,51661,"Tg12h","LDM",12,"LDM",0,563514.24219613,181454.852532766
"131_L1","131_L1",1,"L","131",387,277675,277069,219,"ctrl","ctrl",0,"LDM",0,477998.392711676,377.817973154185
"131_L22","131_L22",22,"L","131",401,194328,193686,241,"TgLys3hToxo","ignore",-3,"LDM",0,334146.3559285,415.772290092049
"131_L4","131_L4",4,"L","131",382,233574,233020,172,"ctrl","ctrl",0,"LDM",0,556622.618152086,410.862116222465
"131_L5","131_L5",5,"L","131",757,198796,197909,130,"ctrl","ctrl",0,"LDM",0,384110.842032389,252.309947825569
"131_L6","131_L6",6,"L","131",639,223187,222234,314,"ctrl","ctrl",0,"LDM",0,152060.640450595,214.850297890902
"131_L7","131_L7",7,"L","131",347,218098,182844,34907,"Tg3h","LDM",3,"LDM",0,875759.920614487,167192.533246319
"131_L8","131_L8",8,"L","131",297,156819,143440,13082,"Tg3h","LDM",3,"LDM",0,236165.979117164,21538.7851283515
"131_M10","131_M10",10,"M","131",290,190837,169819,20728,"Tg3h","LDM",3,"LDM",0,175782.658583755,21455.9204042191
"131_M11","131_M11",11,"M","131",481,187399,161192,25726,"Tg3h","LDM",3,"LDM",0,265393.659410583,42356.4276266604
"131_M13","131_M13",13,"M","131",620,198699,165616,32463,"Tg12h","LDM",12,"LDM",0,119603.761915075,23443.9723399254
"131_M15","131_M15",15,"M","131",377,177295,158004,18914,"Tg12h","LDM",12,"LDM",0,118923.334760349,14235.816521463
"131_M16","131_M16",16,"M","131",106,213466,157838,55522,"Tg12h","LDM",12,"LDM",0,798089.04472388,280740.379003531
"131_M17","131_M17",17,"M","131",439,221814,203942,17433,"Tg12h","LDM",12,"LDM",0,370514.930577631,31671.6850122086
"131_M18","131_M18",18,"M","131",689,183286,154766,27831,"Tg12h","LDM",12,"LDM",0,58401.4226801556,10502.1128323495
"131_M19","131_M19",19,"M","131",1153,113788,110967,1668,"TgLys3hToxo","ignore",-3,"LDM",0,146160.793110398,2197.01535508885
"131_M1","131_M1",1,"M","131",495,355491,354726,270,"ctrl","ctrl",0,"LDM",0,786821.086174706,598.889546487065
"131_M21","131_M21",21,"M","131",311,203745,203199,235,"TgLys3hToxo","ignore",-3,"LDM",0,465469.005462099,538.31572145332
"131_M22","131_M22",22,"M","131",322,209421,208807,292,"TgLys3hToxo","ignore",-3,"LDM",0,579013.233939211,809.704005661925
"131_M2","131_M2",2,"M","131",325,245142,244665,152,"ctrl","ctrl",0,"LDM",0,379885.620829187,236.006843504532
"131_M5","131_M5",5,"M","131",200,263543,263137,206,"ctrl","ctrl",0,"LDM",0,263591.395497674,206.355729040465
"131_M6","131_M6",6,"M","131",366,241176,240658,152,"ctrl","ctrl",0,"LDM",0,576334.55561911,364.013880503057
"131_M7","131_M7",7,"M","131",2090,107457,44112,61255,"Tg3h","LDM",3,"LDM",0,774698.172211664,1075764.79277352
"131_M8","131_M8",8,"M","131",85,173885,171389,2411,"Tg3h","LDM",3,"LDM",0,429992.308659726,6048.87977745713
"131_M9","131_M9",9,"M","131",147,234787,197879,36761,"Tg3h","LDM",3,"LDM",0,682760.207395224,126839.87681389
"131_N10","131_N10",10,"N","131",268,187508,170322,16918,"Tg3h","LDM",3,"LDM",0,135963.974024214,13505.2342770849
"131_N12","131_N12",12,"N","131",386,217722,208111,9225,"Tg3h","LDM",3,"LDM",0,243657.374134237,10800.6750070315
"131_N13","131_N13",13,"N","131",209,246773,228393,18171,"Tg12h","LDM",12,"LDM",0,644764.485747974,51297.6118818284
"131_N14","131_N14",14,"N","131",98,178730,163861,14771,"Tg12h","LDM",12,"LDM",0,575547.774740549,51881.876594752
"131_N15","131_N15",15,"N","131",88,191609,111499,80022,"Tg12h","LDM",12,"LDM",0,577072.961489295,414160.956818414
"131_N16","131_N16",16,"N","131",919,153264,123112,29233,"Tg12h","LDM",12,"LDM",0,65518.2410182637,15557.3359192191
"131_N17","131_N17",17,"N","131",457,217883,53480,163946,"Tg12h","LDM",12,"LDM",0,281765.902134656,863769.494976969
"131_N19","131_N19",19,"N","131",383,232544,231828,333,"TgLys3hToxo","ignore",-3,"LDM",0,488565.636200995,701.780444359315
"131_N1","131_N1",1,"N","131",1698,116197,114118,381,"ctrl","ctrl",0,"LDM",0,72321.7748846676,241.45705525034
"131_N20","131_N20",20,"N","131",852,109957,106171,2934,"TgLys3hToxo","ignore",-3,"LDM",0,88789.6605630307,2453.6725103082
"131_N21","131_N21",21,"N","131",798,133663,129113,3752,"TgLys3hToxo","ignore",-3,"LDM",0,242945.56658238,7059.95341923035
"131_N22","131_N22",22,"N","131",271,212725,212230,224,"TgLys3hToxo","ignore",-3,"LDM",0,823811.388108008,869.498897121961
"131_N23","131_N23",23,"N","131",182,235452,234836,434,"TgLys3hToxo","ignore",-3,"LDM",0,589172.431115273,1088.84853729423
"131_N24","131_N24",24,"N","131",432,156807,155252,1123,"TgLys3hToxo","ignore",-3,"LDM",0,75330.0461919524,544.892445015604
"131_N3","131_N3",3,"N","131",118,210698,210387,193,"ctrl","ctrl",0,"LDM",0,583394.509038341,535.181072235451
"131_N4","131_N4",4,"N","131",190,221526,221168,168,"ctrl","ctrl",0,"LDM",0,448173.300179201,340.434033992738
"131_N5","131_N5",5,"N","131",295,246158,245622,241,"ctrl","ctrl",0,"LDM",0,317809.610281087,311.829217569037
"131_N6","131_N6",6,"N","131",327,189256,188681,248,"ctrl","ctrl",0,"LDM",0,167406.042252927,220.036455598211
"131_N7","131_N7",7,"N","131",299,237695,217922,19474,"Tg3h","LDM",3,"LDM",0,676724.780923614,60473.6482948324
"131_N8","131_N8",8,"N","131",83,104690,97431,7176,"Tg3h","LDM",3,"LDM",0,466661.005148597,34370.5737696045
"131_N9","131_N9",9,"N","131",1065,112794,80456,31273,"Tg3h","LDM",3,"LDM",0,17301.7244074809,6725.12711786752
"131_O10","131_O10",10,"O","131",308,220675,199794,20573,"Tg3h","LDM",3,"LDM",0,438599.606169685,45163.0664470852
"131_O11","131_O11",11,"O","131",267,218197,180499,37431,"Tg3h","LDM",3,"LDM",0,864528.176538439,179281.625804078
"131_O13","131_O13",13,"O","131",624,252096,210855,40617,"Tg12h","LDM",12,"LDM",0,100082.457860146,19278.8844983783
"131_O14","131_O14",14,"O","131",322,304606,225578,78706,"Tg12h","LDM",12,"LDM",0,394584.571864988,137673.768333817
"131_O15","131_O15",15,"O","131",1122,150774,124457,25195,"Tg12h","LDM",12,"LDM",0,36460.6550670849,7381.07301650533
"131_O16","131_O16",16,"O","131",302,328130,311151,16677,"Tg12h","LDM",12,"LDM",0,321438.625453167,17228.3937917039
"131_O17","131_O17",17,"O","131",255,311749,221090,90404,"Tg12h","LDM",12,"LDM",0,528125.030672237,215951.039273115
"131_O18","131_O18",18,"O","131",706,230200,214305,15189,"Tg12h","LDM",12,"LDM",0,61032.0015130359,4325.68101995522
"131_O19","131_O19",19,"O","131",1257,211031,208907,867,"TgLys3hToxo","ignore",-3,"LDM",0,209267.748964352,868.497170281958
"131_O1","131_O1",1,"O","131",2117,308839,306315,407,"ctrl","ctrl",0,"LDM",0,366785.894099651,487.34753080508
"131_O20","131_O20",20,"O","131",552,274173,273269,352,"TgLys3hToxo","ignore",-3,"LDM",0,257150.53475933,331.23767509408
"131_O24","131_O24",24,"O","131",286,279446,278765,395,"TgLys3hToxo","ignore",-3,"LDM",0,480924.32550834,681.452508657092
"131_O2","131_O2",2,"O","131",505,251600,250831,264,"ctrl","ctrl",0,"LDM",0,231848.019913455,244.020385267977
"131_O3","131_O3",3,"O","131",575,269713,268857,281,"ctrl","ctrl",0,"LDM",0,262315.906085408,274.163475788243
"131_O4","131_O4",4,"O","131",865,252831,251081,885,"ctrl","ctrl",0,"LDM",0,56532.0884186049,199.261984182257
"131_O5","131_O5",5,"O","131",3267,127936,124278,391,"ctrl","ctrl",0,"LDM",0,218257.933093311,686.677061422653
"131_O7","131_O7",7,"O","131",193,265133,246448,18492,"Tg3h","LDM",3,"LDM",0,447738.394303263,33595.6404087513
"131_O8","131_O8",8,"O","131",396,249861,204785,44680,"Tg3h","LDM",3,"LDM",0,508634.659893082,110973.931704094
"131_O9","131_O9",9,"O","131",233,269005,225641,43131,"Tg3h","LDM",3,"LDM",0,418284.401709385,79954.5496169911
"131_P10","131_P10",10,"P","131",166,200746,178411,22169,"Tg3h","LDM",3,"LDM",0,268565.746157421,33371.45146075
"131_P11","131_P11",11,"P","131",237,233632,220196,13199,"Tg3h","LDM",3,"LDM",0,227928.784703175,13662.5189798961
"131_P12","131_P12",12,"P","131",353,227608,207288,19967,"Tg3h","LDM",3,"LDM",0,404489.669531625,38962.4350253655
"131_P13","131_P13",13,"P","131",431,289749,237229,52089,"Tg12h","LDM",12,"LDM",0,337802.680453932,74172.2294583077
"131_P14","131_P14",14,"P","131",407,244763,187569,56787,"Tg12h","LDM",12,"LDM",0,832097.135889128,251919.560565637
"131_P15","131_P15",15,"P","131",1481,144972,137250,6241,"Tg12h","LDM",12,"LDM",0,44914.1840543879,2042.32730552594
"131_P16","131_P16",16,"P","131",2319,135809,111261,22229,"Tg12h","LDM",12,"LDM",0,30061.1357587825,6005.95884255918
"131_P17","131_P17",17,"P","131",332,276913,215281,61300,"Tg12h","LDM",12,"LDM",0,149241.342502487,42495.5955026336
"131_P18","131_P18",18,"P","131",960,188715,150964,36791,"Tg12h","LDM",12,"LDM",0,52088.5045655237,12694.3388587357
"131_P19","131_P19",19,"P","131",1454,165085,156504,7127,"TgLys3hToxo","ignore",-3,"LDM",0,97200.0395679824,4426.37045699158
"131_P1","131_P1",1,"P","131",579,255970,255134,257,"ctrl","ctrl",0,"LDM",0,792281.184351122,798.075773429799
"131_P21","131_P21",21,"P","131",449,223818,222784,585,"TgLys3hToxo","ignore",-3,"LDM",0,391254.891181546,1027.38128115666
"131_P2","131_P2",2,"P","131",738,184523,183333,452,"ctrl","ctrl",0,"LDM",0,132398.539290748,326.423174002597
"131_P3","131_P3",3,"P","131",542,245818,245028,248,"ctrl","ctrl",0,"LDM",0,400472.886774436,405.330312944072
"131_P5","131_P5",5,"P","131",300,253651,252941,410,"ctrl","ctrl",0,"LDM",0,206702.932835457,335.051266748124
"131_P6","131_P6",6,"P","131",357,265310,264539,414,"ctrl","ctrl",0,"LDM",0,131486.413515191,205.774480115557
"131_P7","131_P7",7,"P","131",224,280544,174829,105491,"Tg3h","LDM",3,"LDM",0,236181.514797287,142510.820158444
"131_P8","131_P8",8,"P","131",402,253248,184693,68153,"Tg3h","LDM",3,"LDM",0,360399.109137068,132989.774842677
"132_A10","132_A10",10,"A","132",2020,116186,90844,23322,"Tg3h","PTG",3,"PTG",1,39327.4821698248,10096.3799388474
"132_A11","132_A11",11,"A","132",2046,203107,183639,17422,"Tg3h","PTG",3,"PTG",1,45989.0287927937,4363.02125162984
"132_A12","132_A12",12,"A","132",179,261566,187401,73986,"Tg3h","PTG",3,"PTG",1,259827.637611388,102580.069457026
"132_A13","132_A13",13,"A","132",622,234545,159429,74494,"Tg12h","PTG",12,"PTG",1,933301.255119797,436089.693210734
"132_A14","132_A14",14,"A","132",1384,195166,148790,44992,"Tg12h","PTG",12,"PTG",1,39000.9084891692,11793.3253225667
"132_A15","132_A15",15,"A","132",540,245987,201340,44107,"Tg12h","PTG",12,"PTG",1,246694.033569566,54042.5833845875
"132_A16","132_A16",16,"A","132",1001,250934,197620,52313,"Tg12h","PTG",12,"PTG",1,95887.4844024788,25382.8659626904
"132_A17","132_A17",17,"A","132",1333,198364,159563,37468,"Tg12h","PTG",12,"PTG",1,53299.984866403,12515.7074821506
"132_A18","132_A18",18,"A","132",463,273519,246365,26691,"Tg12h","PTG",12,"PTG",1,350811.904826278,38006.6996193379
"132_A19","132_A19",19,"A","132",791,307224,305924,509,"TgLys3hLPS","ignore",-3,"PTG",1,475001.036791319,790.312390419782
"132_A1","132_A1",1,"A","132",519,260075,259346,210,"ctrl","ctrl",0,"PTG",1,436250.088500168,353.244386206209
"132_A21","132_A21",21,"A","132",732,264135,262699,704,"TgLys3hLPS","ignore",-3,"PTG",1,300882.982361842,806.328229581143
"132_A4","132_A4",4,"A","132",705,308003,307009,289,"ctrl","ctrl",0,"PTG",1,560806.695181756,527.91004468119
"132_A6","132_A6",6,"A","132",711,280556,279335,510,"ctrl","ctrl",0,"PTG",1,122642.542808502,223.916433072604
"132_A7","132_A7",7,"A","132",930,281230,225837,54463,"Tg3h","PTG",3,"PTG",1,139982.326632021,33758.230296009
"132_A8","132_A8",8,"A","132",369,176802,142052,34381,"Tg3h","PTG",3,"PTG",1,226793.419970264,54891.0580069106
"132_B10","132_B10",10,"B","132",610,269265,241550,27105,"Tg3h","PTG",3,"PTG",1,334904.113985682,37580.5258107303
"132_B11","132_B11",11,"B","132",542,259437,239118,19777,"Tg3h","PTG",3,"PTG",1,297018.338974299,24565.8281262586
"132_B12","132_B12",12,"B","132",597,246633,175827,70209,"Tg3h","PTG",3,"PTG",1,77845.8817159798,31084.4267910914
"132_B13","132_B13",13,"B","132",781,242348,209941,31626,"Tg12h","PTG",12,"PTG",1,82544.7583418712,12434.7341744586
"132_B14","132_B14",14,"B","132",1546,163522,139795,22181,"Tg12h","PTG",12,"PTG",1,55655.4937377127,8830.7486433435
"132_B15","132_B15",15,"B","132",500,228554,178663,49391,"Tg12h","PTG",12,"PTG",1,158517.634139287,43821.8571711743
"132_B16","132_B16",16,"B","132",1715,214799,167317,45767,"Tg12h","PTG",12,"PTG",1,50086.932931028,13700.5125567298
"132_B17","132_B17",17,"B","132",946,203683,175656,27081,"Tg12h","PTG",12,"PTG",1,113217.529271351,17454.820274841
"132_B18","132_B18",18,"B","132",1083,224488,203355,20050,"Tg12h","PTG",12,"PTG",1,563895.061888291,55597.8264161699
"132_B19","132_B19",19,"B","132",1174,227242,225185,883,"TgLys3hLPS","ignore",-3,"PTG",1,146470.942575031,574.344837772286
"132_B1","132_B1",1,"B","132",567,255998,255026,405,"ctrl","ctrl",0,"PTG",1,255466.389098416,405.699370200915
"132_B20","132_B20",20,"B","132",683,279108,277857,568,"TgLys3hLPS","ignore",-3,"PTG",1,539277.578253609,1102.40038742249
"132_B22","132_B22",22,"B","132",393,305624,304775,456,"TgLys3hLPS","ignore",-3,"PTG",1,411729.296468796,616.023490082097
"132_B23","132_B23",23,"B","132",1186,243698,241897,615,"TgLys3hLPS","ignore",-3,"PTG",1,234742.382496776,596.810068895096
"132_B3","132_B3",3,"B","132",717,258650,257434,499,"ctrl","ctrl",0,"PTG",1,118975.651252039,230.617750471062
"132_B4","132_B4",4,"B","132",853,238434,237157,424,"ctrl","ctrl",0,"PTG",1,133901.136327762,239.394501545267
"132_B5","132_B5",5,"B","132",996,311107,309700,411,"ctrl","ctrl",0,"PTG",1,137116.993223105,181.966691038735
"132_B6","132_B6",6,"B","132",2115,129343,126029,1199,"ctrl","ctrl",0,"PTG",1,23295.5094611785,221.626100690738
"132_B7","132_B7",7,"B","132",1070,201644,75957,124617,"Tg3h","PTG",3,"PTG",1,47641.5140249182,78161.8883479236
"132_B8","132_B8",8,"B","132",795,211807,155070,55942,"Tg3h","PTG",3,"PTG",1,150483.475420427,54287.3965432999
"132_B9","132_B9",9,"B","132",1808,239720,34653,203259,"Tg3h","PTG",3,"PTG",1,89674.8371487122,525992.489077716
"132_C10","132_C10",10,"C","132",904,280583,248025,31654,"Tg3h","PTG",3,"PTG",1,285261.195712532,36406.2408591251
"132_C11","132_C11",11,"C","132",268,309254,218524,90462,"Tg3h","PTG",3,"PTG",1,250287.031308224,103610.886795979
"132_C12","132_C12",12,"C","132",1231,244550,165767,77552,"Tg3h","PTG",3,"PTG",1,53755.5893932629,25148.8744359633
"132_C13","132_C13",13,"C","132",1346,269832,154741,113745,"Tg12h","PTG",12,"PTG",1,436841.327401134,321107.63653616
"132_C14","132_C14",14,"C","132",1645,201904,144794,55465,"Tg12h","PTG",12,"PTG",1,48348.0120237623,18520.2597269084
"132_C15","132_C15",15,"C","132",592,293372,237099,55681,"Tg12h","PTG",12,"PTG",1,387513.757535188,91004.82723806
"132_C16","132_C16",16,"C","132",668,302822,273280,28874,"Tg12h","PTG",12,"PTG",1,282876.974530345,29887.9894708327
"132_C17","132_C17",17,"C","132",476,301495,257272,43747,"Tg12h","PTG",12,"PTG",1,332883.512292204,56604.119423206
"132_C18","132_C18",18,"C","132",1356,273924,227525,45043,"Tg12h","PTG",12,"PTG",1,84418.535931805,16712.2914579773
"132_C19","132_C19",19,"C","132",2221,207393,204747,425,"TgLys3hLPS","ignore",-3,"PTG",1,157515.197842241,326.959413729884
"132_C1","132_C1",1,"C","132",522,301564,300741,301,"ctrl","ctrl",0,"PTG",1,373562.811170508,373.884525762443
"132_C21","132_C21",21,"C","132",679,296576,295380,517,"TgLys3hLPS","ignore",-3,"PTG",1,338314.250644429,592.147293598652
"132_C22","132_C22",22,"C","132",1305,267447,264764,1378,"TgLys3hLPS","ignore",-3,"PTG",1,88287.4318481534,459.503864146015
"132_C23","132_C23",23,"C","132",1086,300238,298447,705,"TgLys3hLPS","ignore",-3,"PTG",1,243890.354651652,576.124739164457
"132_C24","132_C24",24,"C","132",2960,260908,256971,977,"TgLys3hLPS","ignore",-3,"PTG",1,501438.16752157,1906.46061099725
"132_C4","132_C4",4,"C","132",771,329344,328320,253,"ctrl","ctrl",0,"PTG",1,299867.518805759,231.074811945227
"132_C6","132_C6",6,"C","132",573,317074,316131,370,"ctrl","ctrl",0,"PTG",1,265323.895604308,310.5353204007
"132_C8","132_C8",8,"C","132",946,262878,232782,29150,"Tg3h","PTG",3,"PTG",1,258167.974833985,32328.9449631443
"132_C9","132_C9",9,"C","132",2804,295064,175801,116459,"Tg3h","PTG",3,"PTG",1,160565.940769893,106366.567289839
"132_D10","132_D10",10,"D","132",1685,281958,25188,255085,"Tg3h","PTG",3,"PTG",1,130362.727504214,1320215.03674021
"132_D11","132_D11",11,"D","132",1230,287889,236418,50241,"Tg3h","PTG",3,"PTG",1,100570.053943141,21372.0616880159
"132_D12","132_D12",12,"D","132",530,259214,218610,40074,"Tg3h","PTG",3,"PTG",1,84071.0544164912,15411.2960737682
"132_D13","132_D13",13,"D","132",311,281825,235459,46055,"Tg12h","PTG",12,"PTG",1,430107.858860168,84127.6716532603
"132_D14","132_D14",14,"D","132",521,254884,224447,29916,"Tg12h","PTG",12,"PTG",1,316812.368445345,42227.1574777607
"132_D15","132_D15",15,"D","132",889,169931,137766,31276,"Tg12h","PTG",12,"PTG",1,40324.2762335692,9154.52334742323
"132_D16","132_D16",16,"D","132",612,275042,234321,40109,"Tg12h","PTG",12,"PTG",1,124701.895458124,21345.3694928321
"132_D17","132_D17",17,"D","132",326,269915,255407,14182,"Tg12h","PTG",12,"PTG",1,377680.450369436,20971.485304394
"132_D19","132_D19",19,"D","132",553,311846,310499,794,"TgLys3hLPS","ignore",-3,"PTG",1,389500.440070647,996.020436188503
"132_D1","132_D1",1,"D","132",1254,189561,187565,742,"ctrl","ctrl",0,"PTG",1,93100.1638858559,368.300704306801
"132_D20","132_D20",20,"D","132",506,295512,294599,407,"TgLys3hLPS","ignore",-3,"PTG",1,388032.689804448,536.082283885588
"132_D22","132_D22",22,"D","132",1375,276599,274766,458,"TgLys3hLPS","ignore",-3,"PTG",1,268081.14444282,446.857195412866
"132_D4","132_D4",4,"D","132",719,254557,253302,536,"ctrl","ctrl",0,"PTG",1,85548.2357920917,181.024446646932
"132_D5","132_D5",5,"D","132",630,343182,342071,481,"ctrl","ctrl",0,"PTG",1,196713.199231089,276.606461319883
"132_D6","132_D6",6,"D","132",173,191766,191298,295,"ctrl","ctrl",0,"PTG",1,143982.40609722,222.034782374515
"132_D7","132_D7",7,"D","132",617,301292,267771,32904,"Tg3h","PTG",3,"PTG",1,134360.397087472,16510.3558853131
"132_D8","132_D8",8,"D","132",391,192697,148931,43375,"Tg3h","PTG",3,"PTG",1,82586.3139332084,24052.6241471078
"132_D9","132_D9",9,"D","132",3632,110382,51258,55492,"Tg3h","PTG",3,"PTG",1,75016.395597618,81212.8804187252
"132_E10","132_E10",10,"E","132",780,274426,198594,75052,"Tg3h","PTG",3,"PTG",1,107867.701903264,40765.0118495212
"132_E11","132_E11",11,"E","132",1433,251623,169141,81049,"Tg3h","PTG",3,"PTG",1,43408.4748990866,20800.477010873
"132_E12","132_E12",12,"E","132",774,334733,242353,91606,"Tg3h","PTG",3,"PTG",1,236456.728995402,89377.2931069673
"132_E13","132_E13",13,"E","132",676,290653,259056,30921,"Tg12h","PTG",12,"PTG",1,123763.135325729,14772.4040647847
"132_E14","132_E14",14,"E","132",793,276497,178813,96891,"Tg12h","PTG",12,"PTG",1,35152.9140886845,19047.837679401
"132_E15","132_E15",15,"E","132",1012,311155,282554,27589,"Tg12h","PTG",12,"PTG",1,292476.656401665,28557.8631817831
"132_E16","132_E16",16,"E","132",418,354604,285182,69004,"Tg12h","PTG",12,"PTG",1,491994.909680625,119045.440271833
"132_E17","132_E17",17,"E","132",378,309419,224112,84929,"Tg12h","PTG",12,"PTG",1,331403.293931627,125587.877268148
"132_E18","132_E18",18,"E","132",679,249831,144596,104556,"Tg12h","PTG",12,"PTG",1,71869.9679391039,51968.4940651259
"132_E1","132_E1",1,"E","132",969,360608,359324,315,"ctrl","ctrl",0,"PTG",1,420698.292273885,368.803536825466
"132_E20","132_E20",20,"E","132",724,313209,311597,888,"TgLys3hLPS","ignore",-3,"PTG",1,140315.110701105,399.874897070835
"132_E21","132_E21",21,"E","132",698,266710,265716,296,"TgLys3hLPS","ignore",-3,"PTG",1,388876.986472681,433.197805160071
"132_E23","132_E23",23,"E","132",1357,280343,278231,755,"TgLys3hLPS","ignore",-3,"PTG",1,192001.228289794,521.009259783397
"132_E24","132_E24",24,"E","132",735,319834,318416,683,"TgLys3hLPS","ignore",-3,"PTG",1,201794.723634101,432.848211905466
"132_E2","132_E2",2,"E","132",1312,254127,252459,356,"ctrl","ctrl",0,"PTG",1,217770.656814001,307.084927951804
"132_E3","132_E3",3,"E","132",673,339648,338577,398,"ctrl","ctrl",0,"PTG",1,234715.028360443,275.909412888225
"132_E6","132_E6",6,"E","132",699,355989,354831,459,"ctrl","ctrl",0,"PTG",1,174716.859513107,226.009110017208
"132_E7","132_E7",7,"E","132",1093,354792,282797,70902,"Tg3h","PTG",3,"PTG",1,127346.195120429,31927.8490451761
"132_E9","132_E9",9,"E","132",6649,217038,954,209435,"Tg3h","PTG",3,"PTG",1,14812.5347831134,3251848.24140603
"132_F10","132_F10",10,"F","132",691,246755,156211,89853,"Tg3h","PTG",3,"PTG",1,70343.3080476714,40461.6656830019
"132_F11","132_F11",11,"F","132",2051,123478,87364,34063,"Tg3h","PTG",3,"PTG",1,21703.6861851894,8462.21169504724
"132_F13","132_F13",13,"F","132",645,269935,236654,32636,"Tg12h","PTG",12,"PTG",1,230896.381491783,31841.9900207299
"132_F14","132_F14",14,"F","132",262,258416,202014,56140,"Tg12h","PTG",12,"PTG",1,272749.92267577,75797.6212491101
"132_F15","132_F15",15,"F","132",584,255563,227410,27569,"Tg12h","PTG",12,"PTG",1,292228.614318743,35426.9850409104
"132_F16","132_F16",16,"F","132",473,246863,181211,65179,"Tg12h","PTG",12,"PTG",1,112321.441532234,40400.4129861295
"132_F17","132_F17",17,"F","132",167,222870,196763,25940,"Tg12h","PTG",12,"PTG",1,314142.382322031,41414.5616677601
"132_F18","132_F18",18,"F","132",382,164900,137764,26754,"Tg12h","PTG",12,"PTG",1,138001.896386071,26800.1998774204
"132_F1","132_F1",1,"F","132",513,222084,221331,240,"ctrl","ctrl",0,"PTG",1,242939.451217611,263.431097732476
"132_F20","132_F20",20,"F","132",640,240249,239322,287,"TgLys3hLPS","ignore",-3,"PTG",1,232243.543590426,278.511365484378
"132_F21","132_F21",21,"F","132",546,288936,287053,1337,"TgLys3hLPS","ignore",-3,"PTG",1,321781.646371916,1498.7547985886
"132_F22","132_F22",22,"F","132",876,230377,228300,1201,"TgLys3hLPS","ignore",-3,"PTG",1,184450.124609376,970.322381322212
"132_F23","132_F23",23,"F","132",635,236531,235673,223,"TgLys3hLPS","ignore",-3,"PTG",1,653511.548377955,618.369839940443
"132_F24","132_F24",24,"F","132",330,243058,242177,551,"TgLys3hLPS","ignore",-3,"PTG",1,442379.484051061,1006.49977376933
"132_F2","132_F2",2,"F","132",565,232647,231712,370,"ctrl","ctrl",0,"PTG",1,117958.623214241,188.357489423376
"132_F3","132_F3",3,"F","132",938,235420,233992,490,"ctrl","ctrl",0,"PTG",1,82739.2878129093,173.263406562299
"132_F8","132_F8",8,"F","132",417,213154,140427,72310,"Tg3h","PTG",3,"PTG",1,224199.022795626,115446.682891123
"132_G10","132_G10",10,"G","132",4410,200890,56945,139535,"Tg3h","PTG",3,"PTG",1,93756.7741273489,229736.613888131
"132_G11","132_G11",11,"G","132",578,315023,250335,64110,"Tg3h","PTG",3,"PTG",1,388689.297162547,99542.0969544445
"132_G12","132_G12",12,"G","132",1259,221463,167586,52618,"Tg3h","PTG",3,"PTG",1,29530.0093274881,9271.71739163037
"132_G13","132_G13",13,"G","132",2238,169976,137205,30533,"Tg12h","PTG",12,"PTG",1,33312.5011653312,7413.21816319417
"132_G14","132_G14",14,"G","132",189,275496,222458,52849,"Tg12h","PTG",12,"PTG",1,265696.408868073,63121.08133791
"132_G15","132_G15",15,"G","132",780,291096,256954,33362,"Tg12h","PTG",12,"PTG",1,259541.865645455,33697.9993370941
"132_G16","132_G16",16,"G","132",1094,286115,258340,26681,"Tg12h","PTG",12,"PTG",1,58988.0107884683,6092.20064971403
"132_G17","132_G17",17,"G","132",456,297742,148186,149100,"Tg12h","PTG",12,"PTG",1,162653.336035769,163656.5694663
"132_G18","132_G18",18,"G","132",1539,224004,220022,2443,"Tg12h","PTG",12,"PTG",1,49871.9724563525,553.750210028402
"132_G19","132_G19",19,"G","132",990,310810,309459,361,"TgLys3hLPS","ignore",-3,"PTG",1,247033.70931271,288.177655398254
"132_G1","132_G1",1,"G","132",479,409177,408444,254,"ctrl","ctrl",0,"PTG",1,524862.689181675,326.397555239263
"132_G20","132_G20",20,"G","132",909,234793,232774,1110,"TgLys3hLPS","ignore",-3,"PTG",1,122516.184188055,584.227467194538
"132_G23","132_G23",23,"G","132",396,325668,324837,435,"TgLys3hLPS","ignore",-3,"PTG",1,534826.046838276,716.203296960168
"132_G24","132_G24",24,"G","132",625,309542,306707,2210,"TgLys3hLPS","ignore",-3,"PTG",1,307112.672013017,2212.9230997296
"132_G4","132_G4",4,"G","132",997,282538,280971,570,"ctrl","ctrl",0,"PTG",1,106498.559656103,216.0514038957
"132_G5","132_G5",5,"G","132",531,321128,320221,376,"ctrl","ctrl",0,"PTG",1,224949.785458643,264.133580659762
"132_G6","132_G6",6,"G","132",610,304623,303633,380,"ctrl","ctrl",0,"PTG",1,262250.408189524,328.20923651915
"132_G7","132_G7",7,"G","132",772,392810,245985,146053,"Tg3h","PTG",3,"PTG",1,219661.351104146,130423.397007191
"132_G8","132_G8",8,"G","132",1110,207383,157140,49133,"Tg3h","PTG",3,"PTG",1,74586.5994552815,23321.0092340356
"132_H10","132_H10",10,"H","132",3017,213093,32086,177990,"Tg3h","PTG",3,"PTG",1,169049.004036884,937762.021708067
"132_H12","132_H12",12,"H","132",580,335808,210460,124768,"Tg3h","PTG",3,"PTG",1,336010.356538041,199198.613344761
"132_H13","132_H13",13,"H","132",4402,143098,120779,17917,"Tg12h","PTG",12,"PTG",1,750122.909253524,111277.226712387
"132_H14","132_H14",14,"H","132",1186,252246,220078,30982,"Tg12h","PTG",12,"PTG",1,362346.182042299,51010.1391871723
"132_H15","132_H15",15,"H","132",476,282478,244551,37451,"Tg12h","PTG",12,"PTG",1,155234.550317047,23772.9109425999
"132_H16","132_H16",16,"H","132",624,321105,295828,24653,"Tg12h","PTG",12,"PTG",1,649419.12316669,54119.7237699894
"132_H17","132_H17",17,"H","132",2448,111763,89164,20151,"Tg12h","PTG",12,"PTG",1,26882.1080662214,6075.33712756749
"132_H18","132_H18",18,"H","132",380,329821,284322,45119,"Tg12h","PTG",12,"PTG",1,356663.126521395,56598.7985647218
"132_H19","132_H19",19,"H","132",789,323803,322347,667,"TgLys3hLPS","ignore",-3,"PTG",1,357500.460447159,739.739495383097
"132_H1","132_H1",1,"H","132",665,341564,340598,301,"ctrl","ctrl",0,"PTG",1,299080.350084953,264.309201391584
"132_H21","132_H21",21,"H","132",698,353719,352728,293,"TgLys3hLPS","ignore",-3,"PTG",1,331855.443717788,275.661827270055
"132_H22","132_H22",22,"H","132",390,338800,337383,1027,"TgLys3hLPS","ignore",-3,"PTG",1,423224.638315599,1288.30351129168
"132_H2","132_H2",2,"H","132",807,259082,257896,379,"ctrl","ctrl",0,"PTG",1,147690.926914814,217.044317479583
"132_H3","132_H3",3,"H","132",779,322385,321271,335,"ctrl","ctrl",0,"PTG",1,237538.078382032,247.688886510082
"132_H5","132_H5",5,"H","132",648,360778,359811,319,"ctrl","ctrl",0,"PTG",1,338587.952026353,300.18414305401
"132_H7","132_H7",7,"H","132",2298,143936,89881,51757,"Tg3h","PTG",3,"PTG",1,105233.113312412,60597.3481126211
"132_H8","132_H8",8,"H","132",815,230839,161692,68332,"Tg3h","PTG",3,"PTG",1,115120.813660971,48650.7399196095
"132_H9","132_H9",9,"H","132",833,262755,233201,28721,"Tg3h","PTG",3,"PTG",1,68968.7116692988,8494.17613069382
"132_I10","132_I10",10,"I","132",724,284403,177060,106619,"Tg3h","PTG",3,"PTG",1,69599.220038162,41910.0826908889
"132_I11","132_I11",11,"I","132",1236,264297,223179,39882,"Tg3h","PTG",3,"PTG",1,68363.1266986468,12216.4639997286
"132_I13","132_I13",13,"I","132",371,317560,265271,51918,"Tg12h","PTG",12,"PTG",1,329504.059912057,64489.4910582543
"132_I15","132_I15",15,"I","132",721,273012,241190,31101,"Tg12h","PTG",12,"PTG",1,108610.164892471,14005.0778984235
"132_I16","132_I16",16,"I","132",283,313464,263962,49219,"Tg12h","PTG",12,"PTG",1,479557.237376964,89419.4151675498
"132_I17","132_I17",17,"I","132",277,264258,227497,36484,"Tg12h","PTG",12,"PTG",1,203151.811663881,32579.7293887174
"132_I18","132_I18",18,"I","132",959,284158,263692,19507,"Tg12h","PTG",12,"PTG",1,73898.5883226298,5466.75576964617
"132_I19","132_I19",19,"I","132",801,291474,290025,648,"TgLys3hLPS","ignore",-3,"PTG",1,272918.200906706,609.778447332284
"132_I1","132_I1",1,"I","132",513,312594,311749,332,"ctrl","ctrl",0,"PTG",1,238041.68488986,253.504708542556
"132_I20","132_I20",20,"I","132",2009,231011,228435,567,"TgLys3hLPS","ignore",-3,"PTG",1,147785.699824446,366.819847223327
"132_I22","132_I22",22,"I","132",1080,271966,270217,669,"TgLys3hLPS","ignore",-3,"PTG",1,493599.545133624,1222.04781969452
"132_I23","132_I23",23,"I","132",839,274118,272802,477,"TgLys3hLPS","ignore",-3,"PTG",1,235318.490210977,411.459299530928
"132_I3","132_I3",3,"I","132",2080,300954,298612,262,"ctrl","ctrl",0,"PTG",1,244025.192356563,214.105931434167
"132_I4","132_I4",4,"I","132",1560,228476,225512,1404,"ctrl","ctrl",0,"PTG",1,30780.7635812674,191.63588664062
"132_I5","132_I5",5,"I","132",839,327815,326567,409,"ctrl","ctrl",0,"PTG",1,212414.576032596,266.032886352056
"132_I6","132_I6",6,"I","132",731,321185,319970,484,"ctrl","ctrl",0,"PTG",1,187475.446167193,283.583198252715
"132_I7","132_I7",7,"I","132",715,195819,178824,16280,"Tg3h","PTG",3,"PTG",1,58884.7532761403,5360.82283885588
"132_I9","132_I9",9,"I","132",1719,288410,112004,174687,"Tg3h","PTG",3,"PTG",1,256568.144960245,400156.418866026
"132_J10","132_J10",10,"J","132",660,293438,269739,23039,"Tg3h","PTG",3,"PTG",1,263176.447671334,22478.4780024389
"132_J11","132_J11",11,"J","132",198,275190,215008,59984,"Tg3h","PTG",3,"PTG",1,196375.229907982,54785.7372321047
"132_J12","132_J12",12,"J","132",1068,271085,249108,20909,"Tg3h","PTG",3,"PTG",1,100463.418953737,8432.44547306265
"132_J13","132_J13",13,"J","132",2252,112075,86648,23175,"Tg12h","PTG",12,"PTG",1,24543.8470498103,6564.53299994637
"132_J14","132_J14",14,"J","132",690,291700,211857,79153,"Tg12h","PTG",12,"PTG",1,211637.286207823,79070.9115828499
"132_J15","132_J15",15,"J","132",459,278814,228852,49503,"Tg12h","PTG",12,"PTG",1,231872.052224125,50156.2678117336
"132_J16","132_J16",16,"J","132",814,279405,232449,46142,"Tg12h","PTG",12,"PTG",1,64449.6649034129,12793.500673151
"132_J17","132_J17",17,"J","132",978,145293,129972,14343,"Tg12h","PTG",12,"PTG",1,48912.3809064076,5397.70319253843
"132_J18","132_J18",18,"J","132",218,272334,234173,37943,"Tg12h","PTG",12,"PTG",1,209113.391353583,33882.5970890282
"132_J21","132_J21",21,"J","132",947,317897,315564,1386,"TgLys3hLPS","ignore",-3,"PTG",1,316108.928538473,1388.39340024313
"132_J22","132_J22",22,"J","132",386,231088,230201,501,"TgLys3hLPS","ignore",-3,"PTG",1,391239.368574927,851.477290090131
"132_J23","132_J23",23,"J","132",719,232162,229930,1513,"TgLys3hLPS","ignore",-3,"PTG",1,182179.024419574,1198.78599550653
"132_J2","132_J2",2,"J","132",701,250830,249768,361,"ctrl","ctrl",0,"PTG",1,149537.86004192,216.13324154869
"132_J3","132_J3",3,"J","132",1218,280607,278851,538,"ctrl","ctrl",0,"PTG",1,97944.0333783981,188.967907440096
"132_J5","132_J5",5,"J","132",851,287868,286400,617,"ctrl","ctrl",0,"PTG",1,104787.036653585,225.745815695747
"132_J7","132_J7",7,"J","132",1448,302577,24679,276450,"Tg3h","PTG",3,"PTG",1,91099.5226294887,1020481.50374497
"132_J8","132_J8",8,"J","132",773,179870,140227,38870,"Tg3h","PTG",3,"PTG",1,43976.3720734903,12189.9604391206
"132_J9","132_J9",9,"J","132",305,279363,264641,14417,"Tg3h","PTG",3,"PTG",1,191117.157502702,10411.5993353881
"132_K10","132_K10",10,"K","132",475,312838,220255,92108,"Tg3h","PTG",3,"PTG",1,154725.377149511,64704.2974665143
"132_K11","132_K11",11,"K","132",1089,316657,227328,88240,"Tg3h","PTG",3,"PTG",1,266156.731490348,103311.822506283
"132_K12","132_K12",12,"K","132",978,308268,260081,47209,"Tg3h","PTG",3,"PTG",1,351350.888868513,63775.9932966792
"132_K13","132_K13",13,"K","132",3743,167745,80483,83519,"Tg12h","PTG",12,"PTG",1,30288.1786268612,31430.7169307409
"132_K14","132_K14",14,"K","132",966,305799,265348,39485,"Tg12h","PTG",12,"PTG",1,329599.70479074,49045.9485040866
"132_K15","132_K15",15,"K","132",566,189850,138554,50730,"Tg12h","PTG",12,"PTG",1,104284.092329215,38182.4559656242
"132_K16","132_K16",16,"K","132",1238,311605,281575,28792,"Tg12h","PTG",12,"PTG",1,218163.562776535,22307.9651938631
"132_K17","132_K17",17,"K","132",434,297226,221665,75127,"Tg12h","PTG",12,"PTG",1,134237.825928435,45496.0645502246
"132_K18","132_K18",18,"K","132",755,285052,257930,26367,"Tg12h","PTG",12,"PTG",1,113244.638396896,11576.4795898536
"132_K19","132_K19",19,"K","132",653,329279,327243,1383,"TgLys3hLPS","ignore",-3,"PTG",1,319281.417463958,1349.35262282968
"132_K1","132_K1",1,"K","132",1442,287084,285334,308,"ctrl","ctrl",0,"PTG",1,268503.894276404,289.83296570732
"132_K20","132_K20",20,"K","132",1939,219653,216879,835,"TgLys3hLPS","ignore",-3,"PTG",1,519387.936773833,1999.68151460561
"132_K21","132_K21",21,"K","132",2170,231320,226737,2413,"TgLys3hLPS","ignore",-3,"PTG",1,35029.7745978575,372.796879665119
"132_K23","132_K23",23,"K","132",846,305790,303796,1148,"TgLys3hLPS","ignore",-3,"PTG",1,277468.788813092,1048.51337594119
"132_K24","132_K24",24,"K","132",1977,262299,257003,3319,"TgLys3hLPS","ignore",-3,"PTG",1,124700.795232721,1610.41676314051
"132_K3","132_K3",3,"K","132",1034,314893,313482,377,"ctrl","ctrl",0,"PTG",1,304210.104093289,365.849424347075
"132_K4","132_K4",4,"K","132",1187,255481,253128,1166,"ctrl","ctrl",0,"PTG",1,54586.9337377698,251.447349713345
"132_K5","132_K5",5,"K","132",632,348866,347761,473,"ctrl","ctrl",0,"PTG",1,239982.385684151,326.407125665625
"132_K7","132_K7",7,"K","132",1973,245052,63482,179597,"Tg3h","PTG",3,"PTG",1,55743.7764875101,157704.782864865
"132_K8","132_K8",8,"K","132",1600,159754,100650,57504,"Tg3h","PTG",3,"PTG",1,68868.4155500615,39346.3424519696
"132_K9","132_K9",9,"K","132",1456,324375,248817,74102,"Tg3h","PTG",3,"PTG",1,214905.362113119,64002.5285382686
"132_L10","132_L10",10,"L","132",920,202848,180304,21624,"Tg3h","PTG",3,"PTG",1,220919.444863053,26495.0421272886
"132_L11","132_L11",11,"L","132",515,313209,288021,24673,"Tg3h","PTG",3,"PTG",1,257198.943050866,22032.6626249267
"132_L12","132_L12",12,"L","132",977,243397,224498,17922,"Tg3h","PTG",3,"PTG",1,200473.74433473,16004.1089273269
"132_L13","132_L13",13,"L","132",782,269394,237365,31247,"Tg12h","PTG",12,"PTG",1,266082.22346072,35027.3681312624
"132_L14","132_L14",14,"L","132",776,223941,198010,25155,"Tg12h","PTG",12,"PTG",1,117217.958791028,14891.2567718212
"132_L15","132_L15",15,"L","132",825,210411,172605,36981,"Tg12h","PTG",12,"PTG",1,55114.5753019563,11808.4186972663
"132_L17","132_L17",17,"L","132",451,297494,201574,95469,"Tg12h","PTG",12,"PTG",1,366212.828236731,173444.851513253
"132_L18","132_L18",18,"L","132",682,263637,217318,45637,"Tg12h","PTG",12,"PTG",1,336754.819394271,70718.8529836294
"132_L19","132_L19",19,"L","132",1120,277846,276037,689,"TgLys3hLPS","ignore",-3,"PTG",1,246497.389575523,615.267885890426
"132_L21","132_L21",21,"L","132",1706,236054,229031,5317,"TgLys3hLPS","ignore",-3,"PTG",1,49454.0063481694,1148.08454642916
"132_L22","132_L22",22,"L","132",692,219972,218952,328,"TgLys3hLPS","ignore",-3,"PTG",1,217655.719663098,326.058113419819
"132_L2","132_L2",2,"L","132",1653,147503,145691,159,"ctrl","ctrl",0,"PTG",1,207456.973295903,226.408348861966
"132_L3","132_L3",3,"L","132",2556,127716,123680,1480,"ctrl","ctrl",0,"PTG",1,24223.9094182547,289.872137281832
"132_L5","132_L5",5,"L","132",3354,118031,114044,633,"ctrl","ctrl",0,"PTG",1,41438.2567031758,230.00259981332
"132_L7","132_L7",7,"L","132",892,297321,239670,56759,"Tg3h","PTG",3,"PTG",1,341278.546992121,80822.0847362032
"132_L9","132_L9",9,"L","132",1031,250868,201958,47879,"Tg3h","PTG",3,"PTG",1,77104.3733852975,18279.4456932365
"132_M10","132_M10",10,"M","132",216,271815,255830,15769,"Tg3h","PTG",3,"PTG",1,203703.207738747,12555.978121535
"132_M11","132_M11",11,"M","132",242,303076,236701,66133,"Tg3h","PTG",3,"PTG",1,386863.267758769,108087.538652945
"132_M12","132_M12",12,"M","132",493,315248,270030,44725,"Tg3h","PTG",3,"PTG",1,355671.496603502,58909.7792304249
"132_M13","132_M13",13,"M","132",1651,151691,100729,49311,"Tg12h","PTG",12,"PTG",1,25033.1613617873,12254.7649625341
"132_M14","132_M14",14,"M","132",666,155307,111141,43500,"Tg12h","PTG",12,"PTG",1,27362.612741201,10709.5820106193
"132_M15","132_M15",15,"M","132",580,282657,214290,67787,"Tg12h","PTG",12,"PTG",1,137684.512031932,43554.1556633935
"132_M16","132_M16",16,"M","132",399,302351,262206,39746,"Tg12h","PTG",12,"PTG",1,986760.205886308,149576.1772925
"132_M18","132_M18",18,"M","132",1596,189572,131518,56458,"Tg12h","PTG",12,"PTG",1,40150.9501059285,17235.9855006958
"132_M20","132_M20",20,"M","132",3921,125175,119502,1752,"TgLys3hLPS","ignore",-3,"PTG",1,154623.299410519,2266.90783892511
"132_M21","132_M21",21,"M","132",580,297556,296113,863,"TgLys3hLPS","ignore",-3,"PTG",1,400027.552014649,1165.8514735545
"132_M22","132_M22",22,"M","132",696,221485,220320,469,"TgLys3hLPS","ignore",-3,"PTG",1,180045.10997548,383.265961231391
"132_M23","132_M23",23,"M","132",624,256594,255695,275,"TgLys3hLPS","ignore",-3,"PTG",1,481128.675247896,517.453941974506
"132_M24","132_M24",24,"M","132",405,298066,297322,339,"TgLys3hLPS","ignore",-3,"PTG",1,340936.319769313,388.72808739951
"132_M3","132_M3",3,"M","132",1093,152192,150522,577,"ctrl","ctrl",0,"PTG",1,80105.4054401772,307.070188669977
"132_M5","132_M5",5,"M","132",646,250602,249581,375,"ctrl","ctrl",0,"PTG",1,126437.301544556,189.974349326305
"132_M7","132_M7",7,"M","132",336,309634,250400,58898,"Tg3h","PTG",3,"PTG",1,263852.587488848,62062.2591769894
"132_M8","132_M8",8,"M","132",585,242434,182191,59658,"Tg3h","PTG",3,"PTG",1,165499.224575784,54192.3187190484
"132_M9","132_M9",9,"M","132",379,250562,238921,11262,"Tg3h","PTG",3,"PTG",1,88852.4659126727,4188.23155398027
"132_N10","132_N10",10,"N","132",1091,102798,77691,24016,"Tg3h","PTG",3,"PTG",1,40129.8537528113,12405.0220453787
"132_N11","132_N11",11,"N","132",299,300097,198699,101099,"Tg3h","PTG",3,"PTG",1,440736.12591642,224248.645408503
"132_N12","132_N12",12,"N","132",169,103553,95674,7710,"Tg3h","PTG",3,"PTG",1,360050.097777956,29015.0537645341
"132_N13","132_N13",13,"N","132",341,170489,143932,26216,"Tg12h","PTG",12,"PTG",1,631936.079313845,115101.82763591
"132_N14","132_N14",14,"N","132",401,263236,187840,74995,"Tg12h","PTG",12,"PTG",1,353449.267129059,141114.394103193
"132_N15","132_N15",15,"N","132",596,278883,228187,50100,"Tg12h","PTG",12,"PTG",1,506143.736830533,111127.282514822
"132_N16","132_N16",16,"N","132",723,186530,137384,48423,"Tg12h","PTG",12,"PTG",1,43603.8770251547,15368.8241512044
"132_N17","132_N17",17,"N","132",552,314204,290576,23076,"Tg12h","PTG",12,"PTG",1,364508.355498628,28947.3143394029
"132_N18","132_N18",18,"N","132",442,216786,127253,89091,"Tg12h","PTG",12,"PTG",1,70565.2698695541,49403.3968389621
"132_N21","132_N21",21,"N","132",1279,177034,174851,904,"TgLys3hLPS","ignore",-3,"PTG",1,107119.048534003,553.817935698042
"132_N22","132_N22",22,"N","132",302,258868,258007,559,"TgLys3hLPS","ignore",-3,"PTG",1,339835.336163314,736.28991816227
"132_N23","132_N23",23,"N","132",380,238442,237742,320,"TgLys3hLPS","ignore",-3,"PTG",1,230085.005110785,309.693708454758
"132_N24","132_N24",24,"N","132",705,280611,279230,676,"TgLys3hLPS","ignore",-3,"PTG",1,145659.139445226,352.632518944858
"132_N5","132_N5",5,"N","132",301,308129,307532,296,"ctrl","ctrl",0,"PTG",1,253167.163587074,243.67376540254
"132_N7","132_N7",7,"N","132",622,268066,221910,45534,"Tg3h","PTG",3,"PTG",1,243574.97874089,49979.4650172939
"132_N9","132_N9",9,"N","132",219,267522,119781,147522,"Tg3h","PTG",3,"PTG",1,148784.924851665,183243.166144608
"132_O10","132_O10",10,"O","132",4725,105825,58509,42591,"Tg3h","PTG",3,"PTG",1,90665.2358660554,65998.7875501404
"132_O11","132_O11",11,"O","132",512,247025,197049,49464,"Tg3h","PTG",3,"PTG",1,179972.571616581,45177.409083236
"132_O12","132_O12",12,"O","132",770,340200,302186,37244,"Tg3h","PTG",3,"PTG",1,187678.852661212,23131.1549460074
"132_O13","132_O13",13,"O","132",666,264891,219872,44353,"Tg12h","PTG",12,"PTG",1,90501.7536259921,18256.1866839508
"132_O14","132_O14",14,"O","132",1647,191262,105060,84555,"Tg12h","PTG",12,"PTG",1,33958.3694819312,27330.5723543184
"132_O15","132_O15",15,"O","132",1974,162759,129805,30980,"Tg12h","PTG",12,"PTG",1,23300.0215402387,5560.91573758017
"132_O16","132_O16",16,"O","132",352,302559,245388,56819,"Tg12h","PTG",12,"PTG",1,117532.418564321,27214.3482582937
"132_O17","132_O17",17,"O","132",1919,162673,102860,57894,"Tg12h","PTG",12,"PTG",1,35653.319358898,20067.2104896368
"132_O18","132_O18",18,"O","132",1304,209501,204314,3883,"Tg12h","PTG",12,"PTG",1,50537.7101428291,960.47225586404
"132_O20","132_O20",20,"O","132",457,281635,280870,308,"TgLys3hLPS","ignore",-3,"PTG",1,290733.518136482,318.816262278052
"132_O21","132_O21",21,"O","132",3515,127898,120144,4239,"TgLys3hLPS","ignore",-3,"PTG",1,62058.1682470011,2189.57730056464
"132_O23","132_O23",23,"O","132",677,286554,284849,1028,"TgLys3hLPS","ignore",-3,"PTG",1,353401.674730954,1275.40177997262
"132_O2","132_O2",2,"O","132",433,241338,240266,639,"ctrl","ctrl",0,"PTG",1,80118.4001617608,213.079077786142
"132_O4","132_O4",4,"O","132",382,325004,324307,315,"ctrl","ctrl",0,"PTG",1,310663.814590276,301.748348311745
"132_O5","132_O5",5,"O","132",1092,337045,335396,557,"ctrl","ctrl",0,"PTG",1,125484.704001341,208.395389714687
"132_O7","132_O7",7,"O","132",434,313869,248925,64510,"Tg3h","PTG",3,"PTG",1,218581.953343522,56646.4670490734
"132_O8","132_O8",8,"O","132",486,293436,221280,71670,"Tg3h","PTG",3,"PTG",1,109071.834441694,35327.0895446321
"132_O9","132_O9",9,"O","132",994,309382,272653,35735,"Tg3h","PTG",3,"PTG",1,228833.477603276,29991.8369581595
"132_P10","132_P10",10,"P","132",2963,134483,50413,81107,"Tg3h","PTG",3,"PTG",1,88535.6795332486,142440.706958586
"132_P11","132_P11",11,"P","132",1422,186596,138674,46500,"Tg3h","PTG",3,"PTG",1,16562.7596235564,5553.80476870483
"132_P12","132_P12",12,"P","132",825,307890,280702,26363,"Tg3h","PTG",3,"PTG",1,512752.267688926,48156.7214807274
"132_P13","132_P13",13,"P","132",978,310864,289312,20574,"Tg12h","PTG",12,"PTG",1,230950.841658115,16423.7315295393
"132_P14","132_P14",14,"P","132",428,289296,191901,96967,"Tg12h","PTG",12,"PTG",1,161059.563568148,81382.9146305262
"132_P15","132_P15",15,"P","132",1291,203072,182111,19670,"Tg12h","PTG",12,"PTG",1,42520.2238597684,4592.65394908404
"132_P17","132_P17",17,"P","132",536,260068,201361,58171,"Tg12h","PTG",12,"PTG",1,84871.5988328144,24518.4806179133
"132_P18","132_P18",18,"P","132",1230,198146,151810,45106,"Tg12h","PTG",12,"PTG",1,44473.9311226701,13214.1567565981
"132_P19","132_P19",19,"P","132",2667,109570,94096,12807,"TgLys3hLPS","ignore",-3,"PTG",1,28930.8232756676,3937.64935482353
"132_P20","132_P20",20,"P","132",236,267633,266095,1302,"TgLys3hLPS","ignore",-3,"PTG",1,483432.399662918,2365.42958101851
"132_P21","132_P21",21,"P","132",668,298438,297296,474,"TgLys3hLPS","ignore",-3,"PTG",1,384670.452557694,613.307257791383
"132_P4","132_P4",4,"P","132",622,251560,250157,781,"ctrl","ctrl",0,"PTG",1,65279.4824751916,203.805113641132
"132_P5","132_P5",5,"P","132",1537,227143,224033,1573,"ctrl","ctrl",0,"PTG",1,22661.2897183486,159.111419866548
"132_P6","132_P6",6,"P","132",1809,238379,235518,1052,"ctrl","ctrl",0,"PTG",1,48434.8725762464,216.346461630157
"132_P7","132_P7",7,"P","132",483,282716,255965,26268,"Tg3h","PTG",3,"PTG",1,240867.191776864,24718.6115038957
"132_P8","132_P8",8,"P","132",1061,217252,191646,24545,"Tg3h","PTG",3,"PTG",1,65565.605397452,8397.29388810859
"132_P9","132_P9",9,"P","132",997,285665,187414,97254,"Tg3h","PTG",3,"PTG",1,62792.9380127048,32584.8890343709
